{
  "pass_at_1_mean": 0.5333,
  "pass_at_1_ci_95": [
    0.3667,
    0.7
  ],
  "num_trials": 1,
  "num_tasks": 30,
  "cost_per_run_usd": 0.005076,
  "latency_ms": {
    "p50": 6249.629,
    "p95": 8705.07
  },
  "model": "openai/gpt-4o-mini",
  "timestamp": "2026-04-24T17:45:51.816614+00:00",
  "task_successes": [
    0.0,
    1.0,
    0.0,
    1.0,
    0.0,
    0.0,
    1.0,
    0.0,
    0.0,
    1.0,
    1.0,
    0.0,
    1.0,
    0.0,
    1.0,
    0.0,
    1.0,
    0.0,
    1.0,
    0.0,
    1.0,
    0.0,
    1.0,
    0.0,
    1.0,
    0.0,
    1.0,
    1.0,
    1.0,
    1.0
  ],
  "elapsed_sec": 184.9
}