{
  "pass_at_1": 0.85,
  "ci_95": [
    0.7,
    1.0
  ],
  "cost_per_task_usd": 0.000229,
  "latency_ms": {
    "p50": 6763.518,
    "p95": 8550.514
  },
  "num_tasks": 20,
  "trials_per_task": 1,
  "model": "openai/gpt-4o-mini",
  "timestamp": "2026-04-24T17:50:57.218381+00:00",
  "trial_successes": [
    1.0,
    0.0,
    1.0,
    1.0,
    1.0,
    1.0,
    1.0,
    1.0,
    1.0,
    1.0,
    1.0,
    0.0,
    1.0,
    1.0,
    1.0,
    0.0,
    1.0,
    1.0,
    1.0,
    1.0
  ],
  "elapsed_sec": 132.2
}